Section,Check Item / Current Issue,Passed?,Notes / Defect Description,Suggested Solutions,Discovery Stage,Evidence Needed,Additional Media / Links
_1 Evrak & Kimlik,"VIN, belgeler ve ön cam/kapı direği numaraları uyuşuyor",,,Tutarsızlık varsa VIN’i Tesla desteğiyle doğrulayın.,On Delivery (static),Up to 5 photos + ≤2‑min video,https://service.tesla.com/docs/Public/diy/modely/en_us/GUID-D1B313C0-1FE6-4841-AEE2-661ACBDF3838.html;[Tesla Support: After Taking Delivery](https://www.tesla.com/support/after-taking-delivery)
_1 Evrak & Kimlik,"Fatura, garanti ve teslimat belgeleri eksiksiz",,,Eksik belgeyi teslim merkezinden isteyin.,On Delivery (static),Up to 5 photos + ≤2‑min video,[Tesla Support: After Taking Delivery](https://www.tesla.com/support/after-taking-delivery);[Medium: Tesla Delivery Checklist](https://medium.com/electricworld/tesla-delivery-checklist-a142d47af80a)
_1 Evrak & Kimlik,"Üretim tarihi, donanım kodları ve opsiyonlar siparişle aynı",,,Uyumsuzluk varsa teslim formuna not düşülmesini sağlayın.,On Delivery (static),Up to 5 photos + ≤2‑min video,[Tesla Support: Ordering a Tesla Vehicle](https://www.tesla.com/support/ordering-new-vehicle)
_1 Evrak & Kimlik,"Aksesuarlar tam:  Type-2 AC-AC Kablo,  taban paspasları vb. ",,,Aksesuarların tam olduğunu kontrol edin; eksikse teslimat merkezinden isteyin.,On Delivery (static),Up to 5 photos + ≤2‑min video,[Tesla Support: Taking Delivery](https://www.tesla.com/support/taking-delivery)
_2 Dış Paneller & Boya,Panel gaps ≤ 5 mm and even on both sides,,,Aşırı boşlukta ayar veya panel değişimi talep edin.,On Delivery (static),Up to 5 photos + ≤2‑min video,https://teslamotorsclub.com/tmc/threads/model-y-delivery-panel-gaps.341657/;[Forbes: DIY Panel Gap Fix](https://www.forbes.com/sites/brookecrothers/2020/04/19/tesla-model-y-owner-with-panel-gap-issues-shows-how-to-fix-it-yourself-diy-quality-control/);[InsideEVs: Model Y Panel Gap Fix Video](https://insideevs.com/news/409393/video-tesla-model-y-panel-gap-fix/)
_2 Dış Paneller & Boya,"Paint imperfections, rock chips, sanding marks, or orange peel",,,Tesla servisiyle lokal boya düzeltmesi veya yeniden boyama planlayın.,On Delivery (static),Up to 5 photos + ≤2‑min video,https://www.facebook.com/groups/359891901375063/posts/1395108421186734/;[Autoevolution: Tesla Model Y Quality Issues](https://www.autoevolution.com/news/tesla-model-y-quality-problems-include-scratches-panel-gaps-saggy-sun-visors-142182.html)
_2 Dış Paneller & Boya,Door handles and trim flush with body,,,Hizasızsa ayar talep edin.,On Delivery (static),Up to 5 photos + ≤2‑min video,[Tesla Service Manual: Door Alignment](https://service.tesla.com/docs/ModelY/ServiceManual/en-us/GUID-E3ECB61F-6119-4B02-A000-8A92F09A83DB.html);[Tesla Motors Club: Door Handle Alignment](https://teslamotorsclub.com/tmc/threads/door-handle-alignment.189143/)
_2 Dış Paneller & Boya,Fender liners and underbody aero covers complete,,,Eksik parçanın montajını isteyin.,On Delivery (static),Up to 5 photos + ≤2‑min video,[Tesla Motors Club: Model Y Checklist](https://teslamotorsclub.com/tmc/threads/model-y-checklist.194960/)
_2_ Bagaj & Frunk,"Trunk lid aligned, power open/close functional",,,Motor ayarı veya menteşe ayarı gerekebilir.,On Delivery (static),Up to 5 photos + ≤2‑min video,[Drive Tesla: Fix Trunk and Frunk Panel Gaps](https://driveteslacanada.ca/model-y/how-to-fix-trunk-and-frunk-panel-gaps-on-tesla-model-y/)
_2_ Bagaj & Frunk,Tailgate seal prevents water ingress,,,Conta değişimi veya ek sızdırmazlık uygulaması talep edin.,On Delivery (static),Up to 5 photos + ≤2‑min video,https://www.reddit.com/r/ModelY/comments/1lc3gny/yay_i_found_water_inside_my_juniper/
_2_ Bagaj & Frunk,"Frunk interior dry, rubber seal fully seated",,,Conta yenilemesi talep edin.,On Delivery (static),Up to 5 photos + ≤2‑min video,[Model Y Forum: Juniper Delivery Checklist](https://www.modelyforum.net/threads/model-y-juniper-delivery-checklist.71/)
_2__ Cam & Contalar,Cam Kalibrasyon hatasi ,,,"Kapıyı ve sürücü kapısını kapatın, sürücü koltuğuna oturun. 
Sürücü kapısındaki düğmeyle arızalı camı sırasıyla tamamen yukarı, tamamen aşağı ve tekrar
 tamamen yukarı konuma getirerek kalibre edin.",On Delivery (static),Up to 5 photos + ≤2‑min video,https://service.tesla.com/docs/Public/diy/modely/tr_tr/GUID-B6C81FC2-A37C-462B-8A71-FDE0F7B0734E.html
_2__ Cam & Contalar,"Tavan camı düzgün yerleşmiş, kauçuk contalar Saglam/kesintisiz",,,Conta boşluklarını yeniden yapıştırın veya değiştirin.,On Delivery (static),Up to 5 photos + ≤2‑min video,[Reddit: Model Y Water Ingress](https://www.reddit.com/r/ModelY/comments/1lc3gny/yay_i_found_water_inside_my_juniper/)
_2__ Cam & Contalar,"Arka Tavan Ön Yan cam dalgasız, taş izi veya çatlak yok",,,Hasarlı camın değiştirilmesini talep edin.,On Delivery (static),Up to 5 photos + ≤2‑min video,[Model Y Forum: Juniper Delivery Checklist](https://www.modelyforum.net/threads/model-y-juniper-delivery-checklist.71/)
_2__ Cam & Contalar,"Rear glass defroster functional, heating activates",,,Rezistans arızalıysa cam değişimi isteyin.,On Delivery (static),Up to 5 photos + ≤2‑min video,[Tesla Motors Club: Model Y Checklist](https://teslamotorsclub.com/tmc/threads/model-y-checklist.194960/)
_3 Kapılar & Torpido,Magnetic glovebox opens; 16 V battery sufficient,,,16 V aküyü test edin; zayıfsa değiştirin.,On Delivery (static),Up to 5 photos + ≤2‑min video,https://teslamotorsclub.com/tmc/threads/juniper-glovebox-issue.343825/
_3 Kapılar & Torpido,Doors close smoothly; child locks functional,,,Hizasız kapılar için ayar veya kilit kontrolü talep edin.,On Delivery (static),Up to 5 photos + ≤2‑min video,[Tesla Owners Online: Door Alignment](https://www.teslaownersonline.com/threads/door-alignment.8250/)
_3 Kapılar & Torpido,Windows move up/down without rubbing,,,Cam kanallarını ayarlatın veya fitili değiştirin.,On Delivery (static),Up to 5 photos + ≤2‑min video,[Tesla Forums: Body Panel Alignment](https://forums.tesla.com/discussion/177573/body-panel-alignment-realistic-expectations)
_3_ Aydınlatma,"Stop ve farlarda Kirik, Catirdama iç toz/film veya bulanık mercek yok",,,Far temizliği veya değişimi talep edin.,On Delivery (static),Up to 5 photos + ≤2‑min video,https://teslamotorsclub.com/tmc/threads/juniper-headlight.344640/
_3_ Aydınlatma,Headlight height sensor functioning (auto‑leveling),,,Serviste sensör kalibrasyonu yaptırın.,On Delivery (static),Up to 5 photos + ≤2‑min video,
_3_ Aydınlatma,Tail lights and turn signals free of moisture or cracks,,,Nemli stoplar için conta kontrolü veya değişim isteyin.,On Delivery (static),Up to 5 photos + ≤2‑min video,[Tesla Owners Online: Pre-delivery Panel Gaps](https://www.teslaownersonline.com/threads/pre-delivery-panel-gaps-what-to-do.16673/)
"_4 Jant, Lastik & Süspansiyon",TPMS light flashes when needed,,,Arızalı sensör değiştirin; yazılım güncelleyin.,On Delivery (static),Up to 5 photos + ≤2‑min video,https://www.marketwatch.com/story/tesla-recalls-nearly-700-000-evs-for-tire-safety-issue-but-owners-can-sit-tight-47426bc4
"_4 Jant, Lastik & Süspansiyon",Tire pressure (≈42 psi) and brand/spec correct,,,"Yanlış lastiği değiştirin, basınç ayarlayın.",On Delivery (static),Up to 5 photos + ≤2‑min video,[Tesla Owners Manual: Model Y](https://www.tesla.com/ownersmanual/modely/en_gb/GUID-FDDB10EF-FFA9-46EB-B8CC-03614AE92B6B.html)
"_4 Jant, Lastik & Süspansiyon",Lug nuts torqued correctly (175 Nm),,,Serviste tork anahtarıyla kontrol ettirin.,On Delivery (static),Up to 5 photos + ≤2‑min video,https://www.tesla.com/ownersmanual/modely/en_gb/GUID-FDDB10EF-FFA9-46EB-B8CC-03614AE92B6B.html
"_4 Jant, Lastik & Süspansiyon",No noise from upper control arm‑tower connection,,,Ses varsa süspansiyon burçlarını incelettirin.,On Delivery (static),Up to 5 photos + ≤2‑min video,[Tesla Motors Club: 2023 Model Y Panel Gap Comparison](https://teslamotorsclub.com/tmc/threads/2023-model-y-panel-gap-comparison.292591/)
"_4 Jant, Lastik & Süspansiyon","Tire wear and alignment checked, especially inner wear",,,Lastiklerin iç ve dış aşınmasını inceleyin; hizalama gerekiyorsa servise bildirin.,On Delivery (static),Up to 5 photos + ≤2‑min video,[Tesla Motors Club: 2023 Model Y Panel Gap Comparison](https://teslamotorsclub.com/tmc/threads/2023-model-y-panel-gap-comparison.292591/)
_5 İç Trim,"Seat upholstery, stitching, and seams intact",,,Dikiş atmışsa koltuk kılıfı değişimi isteyin.,On Delivery (static),Up to 5 photos + ≤2‑min video,[Autoevolution: Tesla Model Y Quality Issues](https://www.autoevolution.com/news/tesla-model-y-quality-problems-include-scratches-panel-gaps-saggy-sun-visors-142182.html)
_5 İç Trim,Center console trim scratch‑free and aligned,,,Kaplamayı yeniden oturtun veya değiştirin.,On Delivery (static),Up to 5 photos + ≤2‑min video,[Tesla Motors Club: Model Y Checklist](https://teslamotorsclub.com/tmc/threads/model-y-checklist.194960/)
_5 İç Trim,"AC vents intact, directional controls functional",,,Kırık ızgarayı servisle değiştirin.,On Delivery (static),Up to 5 photos + ≤2‑min video,[Tesla Motors Club: Model Y Checklist](https://teslamotorsclub.com/tmc/threads/model-y-checklist.194960/)
_5 İç Trim,Seatbelt buckles latch/unlatch smoothly,,,Mandallar zor takılıyorsa mekanizma değişimini talep edin.,On Delivery (static),Up to 5 photos + ≤2‑min video,
Electronics & Software,All cameras live; Autopilot calibration complete,,,Kalibrasyon takılırsa yazılım sıfırlama isteyin.,Test Drive (<100 km),Up to 5 photos + ≤2‑min video,https://teslamotorsclub.com/tmc/threads/camera-calibration-failing-my-2025-2025-2-8.342447/ https://service.tesla.com/docs/Public/diy/modely/tr_tr/GUID-D6F7D1BC-193D-4A2E-99B0-E3BA3D41BDE2.html
Electronics & Software,"Center screen boots in <30s, no freezing",,,Uzun reboot sürelerinde diagnostik raporu açtırın. - > Hata Kodu Linkte,On Delivery (static),Up to 5 photos + ≤2‑min video,https://service.tesla.com/en-US/correctioncode?modelCode=M36
Electronics & Software,Bluetooth phone key and NFC card functional,,,Kartı yeniden eşleyin; Bluetooth FW güncelleyin.,On Delivery (static),Up to 5 photos + ≤2‑min video,https://www.reddit.com/r/TeslaLounge/comments/1j5p8s6/key_is_not_working_after_update_202528/
Electronics & Software,Wireless phone charging pad outputs up to 15W,,,Şarj bobini arızalıysa değişim talep edin.,On Delivery (static),Up to 5 photos + ≤2‑min video,https://www.reddit.com/r/TeslaModelY/comments/1gozd8y/wireless_charging_help/
Electronics & Software,No speaker distortion or balance issues,,,Bozuk hoparlörü değiştirin veya yazılım EQ’yu sıfırlayın.,On Delivery (static),Up to 5 photos + ≤2‑min video,[Tesla Motors Club: Model Y Checklist](https://teslamotorsclub.com/tmc/threads/model-y-checklist.194960/)
Electronics & Software,Test Wi‑Fi connection and cellular signal strength,,,Araç Wi-Fi’ye bağlanabiliyor ve hücresel sinyal güçlü.,Test Drive (<100 km),Up to 5 photos + ≤2‑min video,https://service.tesla.com/docs/Public/diy/modely/en_us/GUID-D1B313C0-1FE6-4841-AEE2-661ACBDF3838.html
Electronics & Software,Verify software is up‑to‑date with fixes for known issues,,,Yazılım sürümünü kontrol edin ve son güncellemeleri yükleyin.,On Delivery (static),Up to 5 photos + ≤2‑min video,https://teslamotorsclub.com/tmc/threads/camera-calibration-failing-my-2025-2025-2-8.342447/
Electronics & Software,Verify rearview camera functions properly,,,Geri vitese alındığında net görüntü sağladığından emin olun.,On Delivery (static),Up to 5 photos + ≤2‑min video,
Safety Systems,Airbag warning light off (system ready),,,Uyarı devam ederse airbag sensör diagnostik yaptırın.,On Delivery (static),Up to 5 photos + ≤2‑min video,
Safety Systems,"Collision warning, Sentry Mode, and alarms active",,,Sensör veya kamera arızalarını Tesla’ya raporlayın.,On Delivery (static),Up to 5 photos + ≤2‑min video,[Tesla Motors Club: Camera Calibration Issues](https://teslamotorsclub.com/tmc/threads/camera-calibration-failing-my-2025-2025-2-8.342447/)
Safety Systems,Verify seatbelts and airbags function correctly,,,"Emniyet kemerlerinin tak-çık testini yapın, airbag ışığı kapalı.",On Delivery (static),Up to 5 photos + ≤2‑min video,
Charging & Battery,"Charge port lid aligned, light ring illuminates",,,Kapağı ayarlatın veya motorunu değiştirin.,On Delivery (static),Up to 5 photos + ≤2‑min video,[Tesla Motors Club: Door Handle Alignment](https://teslamotorsclub.com/tmc/threads/door-handle-alignment.189143/)
Charging & Battery,SOC ≥ 80% and battery temperatures normal,,,Teslimatta SOC düşükse şarj talep edin.,On Delivery (static),Up to 5 photos + ≤2‑min video,[Tesla Support: Taking Delivery](https://www.tesla.com/support/taking-delivery)
Charging & Battery,Locks and charges when connected to Supercharger,,,Şarj hatası varsa konektör veya yazılım incelemesi talep edin.,On Delivery (static),Up to 5 photos + ≤2‑min video,[Tesla Support: Taking Delivery](https://www.tesla.com/support/taking-delivery)
Charging & Battery,Soğutma/pompa sesleri normal,,,"Sesler gelebilir yüksek fan sesi, tıkırtı olmamalı lütfen linkte dinleyin sesleri",On Delivery (static),Up to 5 photos + ≤2‑min video,https://service.tesla.com/docs/Public/diy/model3/tr_tr/GUID-AA58ED67-9C93-4EE6-8B19-9FDABE018787.html
Test Drive,No pulling during straight driving; steering centered,,,Rot-balans veya hizalama yaptırın.,Test Drive (<100 km),Up to 5 photos + ≤2‑min video,[Tesla Motors Club: 2023 Model Y Panel Gap Comparison](https://teslamotorsclub.com/tmc/threads/2023-model-y-panel-gap-comparison.292591/)
Test Drive,Regenerative and mechanical brakes vibration‑free,,,Rejeratif  Duzgun mu ? Mekanik Fren -> Disk veya kaliper sorunu için servis kaydı açın.,Test Drive (<100 km),Up to 5 photos + ≤2‑min video,https://service.tesla.com/docs/Public/diy/modely/tr_tr/GUID-1D888517-65DF-4501-9F8A-90A7E879068F.html
Test Drive,"Fren Rodaj, Fren Sivisi yeterli mi ? 
30 saniye ara ile 6 defa (80-10km/h) Sertce Fren yapin",,,Fren Sivisi yetersiz uyarisi -> Servis Kayit actirin.,Test Drive (<100 km),Up to 5 photos + ≤2‑min video,https://service.tesla.com/docs/Public/diy/modely/tr_tr/GUID-D49F81B4-8E10-4A24-871E-5EF2F30C8285.html
Test Drive,Suspension and chassis quiet; wind/road noise normal,,,Gürültü kaynaklarını saptayıp tamir ettirin.,Test Drive (<100 km),Up to 5 photos + ≤2‑min video,[Tesla Motors Club: 2023 Model Y Panel Gap Comparison](https://teslamotorsclub.com/tmc/threads/2023-model-y-panel-gap-comparison.292591/)
Test Drive,Autopilot & ACC stable in short test,,,Hata kodu varsa kamera/radar hizası kontrol ettirin.,Test Drive (<100 km),Up to 5 photos + ≤2‑min video,[Tesla Motors Club: Camera Calibration Issues](https://teslamotorsclub.com/tmc/threads/camera-calibration-failing-my-2025-2025-2-8.342447/)
Test Drive,Fren sistemi hatasız ve tepkili. Fren Rodaji yapin.,,,"Araç düzgün durmalı, fren uyarısı olmamalı.",Test Drive (<100 km),Up to 5 photos + ≤2‑min video,
Test Drive,Verify power steering functions during stops and acceleration,,,Araç dururken ve hareket hâlindeyken direksiyon kolay dönmeli.,Test Drive (<100 km),Up to 5 photos + ≤2‑min video,[Tesla Motors Club: 2023 Model Y Panel Gap Comparison](https://teslamotorsclub.com/tmc/threads/2023-model-y-panel-gap-comparison.292591/)
z Son Onay,All defects photographed and added to Tesla app,,,Her kusurun referans numarasıyla kayıtlı olduğundan emin olun.,On Delivery (static),Up to 5 photos + ≤2‑min video,[Tesla Support: After Taking Delivery](https://www.tesla.com/support/after-taking-delivery)
